transaction_id,date,customer_id,merchant,category,amount,payment_mode,month,day_of_week,rolling_avg_7d,anomaly,anomaly_flag,final_explanation
TXN00875,2025-07-21,CUST002,Rogers LLC,utilities,7954.23,net banking,7,0,1279.0,-1,1,"The transaction was flagged as anomalous due to a utility bill amount that not only deviates substantially from historical spending patterns by over six times higher than the rolling average but also surpasses high risk thresholds established for such expenses within this customer's account activity, indicating potential fraud or billing errors."
TXN01159,2025-08-11,CUST002,Payne-Wilson,shopping,41.99,debit card,8,0,1323.34,-1,1,"The anomaly in this transaction likely arose from its significant deviation below the customer's typical spending pattern of $1323.34 for a single purchase category, which typically indicates either an extraordinary promotion or clearance sale that attracted unusually low expenditure by the consumer on this occasion."
TXN00832,2026-05-28,CUST004,Pham and Sons,shopping,9566.45,debit card,5,3,1860.3,-1,1,"This transaction was flagged as anomalous because it represents a spike in expenditure that is nearly six times greater than the customer's average spend and surpasses our high risk threshold of five times the rolling average, indicating potential fraudulent activity."
TXN00781,2026-06-03,CUST004,Morgan-Lopez,shopping,931.89,credit card,6,2,1921.62,-1,1,"The transaction was flagged as anomalous due to its significant deviation from typical customer spending patterns, despite being around half of their usual expenditure level and not exceeding twice the rolling average amount typically spent in a day. This unusual frugality or non-shopping related outlay requires further investigation for potential fraudulent activity or other explanations."
TXN01559,2025-12-31,CUST007,Saunders Inc,entertainment,13310.41,credit card,12,2,2198.6,-1,1,"This transaction was flagged as anomalous because it greatly surpasses both the customer'selfavg monthly spending in entertainment and the established high-risk threshold for transactions within this category. Specifically, a $13,310.41 purchase is not only seven times higher than typical expenditures but also 6.1x greater than the rolling average, indicating potential fraudulent activity or an urgent need to investigate further with respect to customer behavior and authorization protocols."
TXN00733,2026-01-10,CUST007,Mclaughlin LLC,travel,112.2,debit card,1,5,2188.08,-1,1,"The transaction was flagged as anomalous due to its significant deviation from the customer' extranet report that it falls well below their typical travel expense spend pattern of $2188.08, despite being within a 'normal range' when considered against a rolling average which seems misleadingly low for normal spending habits and may warrant further investigation to confirm its legitimacy or identify potential savings opportunities if it is indeed an outlier in behavioral expenditure patterns."
TXN01745,2026-01-12,CUST007,Rivers LLC,entertainment,788.26,net banking,1,0,2279.1,-1,1,The transaction was flagged as anomalous due to its significant deviation from the customer' endorsed historical spending pattern in entertainment; although it is not beyond a typical rolling average threshold of magnitude for this category when considering fluctuations over time.
TXN00550,2026-02-11,CUST007,"Greene, Morales and Morgan",utilities,149.52,debit card,2,2,2293.24,-1,1,The flagging of a $149.52 expenditure on utilities for this customer might be due to an atypically low usage period or uncommon rate changes that are not reflective of their usual spending pattern but remain within the normal range considering it's only 0enerally half the rolling average transaction size.
TXN00774,2026-02-16,CUST007,"Carter, Sanders and Anderson",shopping,309.58,debit card,2,0,2288.35,-1,1,"The transaction was flagged as anomalous because it significantly deviates from the customer's typical expenditure patterns in this category by more than $2000, despite seemingly being close to a rolling average within normal range. This discrepinence prompted further review due to its potential impact on fraud detection and risk management efforts."
TXN00396,2026-02-17,CUST007,Gross and Sons,entertainment,308.53,credit card,2,1,2225.93,-1,1,"The transaction was flagged for detailed examination due to its significant deviation from typical spending patterns in entertainment expenses alone, despite being statistically within a 'normal' range relative to rolling averages; this discrepinancy suggests an outlier event that could influence the customer's financial profile."
TXN00881,2026-02-23,CUST007,Smith and Sons,dining,321.86,UPI,2,0,2185.77,-1,1,The transaction was flagged as anomalous due to its significantly lower dining expenditure compared to the customer's historical spending pattern in that category. The amount being just a fraction of their rolling average suggests unusual frugality or specific situational factors affecting this purchase.
TXN00433,2025-11-17,CUST009,"Sanchez, Wolfe and Roberts",shopping,4518.51,UPI,11,0,1167.71,-1,1,This transaction was flagged as anomalous because it's nearly four times higher than the customer's usual spending in that category and surpasses our moderate risk threshold for unusual activity warranting investigation.
TXN00361,2025-12-01,CUST009,Smith LLC,travel,16.92,UPI,12,0,1099.64,-1,1,"The transaction was flagged as anomalous due to a significant deviation from the customer's usual travel expenditure pattern, indicating an uncharacteristically low spend in that category which is not reflected by their rolling average spending behavior at this time. This unusual discrepty raises potential concerns regarding fraudulent activities or data entry errors and warrants further investigation."
TXN01551,2026-01-05,CUST009,"Bird, Freeman and Smith",dining,799.33,debit card,1,0,951.18,-1,1,The customer's lower dining expenditure of $799.33 deviates from their typical spending pattern but remains plausible due to possible discounts or off-peak timing; thus flagging it as an anomaly may not be justified without further context.
TXN00988,2025-11-07,CUST013,Brock LLC,groceries,10619.91,debit card,11,4,1996.59,-1,1,The transaction was flagged as anomalous because it significantly deviates from the customer's established spending pattern on groceries and exceeds a set high-risk threshold based on rolling averages.
TXN00219,2025-11-08,CUST013,Unknown Merchant,travel,183.23,credit card,11,5,1902.88,-1,1,"The transaction was flagged as anomalous due to its significant deviation from the customer's typical spending pattern on travel expenses, suggesting potential discount utilization or other factors not consistent with their usual behavior despite being within a normal range when compared to rolling averages."
TXN00305,2025-11-25,CUST013,May-Kline,utilities,279.47,UPI,11,1,1883.67,-1,1,"The transaction was flagged as anomalous due to a significant deviation from the customer'thy historical expenditure pattern in utility bills, which indicates potential issues such as misreporting or unforeseen price surges that need investigation. The second rule finding suggests normalcy within context but does not mitigate concerns about this unusually low charge reflecting on past spending behavior."
TXN00457,2025-12-07,CUST013,Wright-Flores,shopping,157.52,credit card,12,6,1903.87,-1,1,"The transaction was flagged as anomalous due to its significantly lower value compared to the customer'thistorical spending pattern in shopping categories, deviating more than two standard deviations from their average expenditure of $1903.87. Although it falls within a normal range when considering rolling averages (0.1x), this singular instance represents an anomaly given its inconsistency with the customer's established spending habits in that category."
TXN00315,2025-12-23,CUST013,Duran-Boyd,travel,932.19,net banking,12,1,1956.68,-1,1,The transaction was flagged as anomalous because it represents a significant and focused deviation in travel spending for one customer who usually has higher overall expenses; this might indicate special or emergency circumstances warranting closer scrutinization despite the individual spend being within their typical range when considering rolling averages.
TXN00714,2026-01-04,CUST013,Blair LLC,entertainment,640.75,UPI,1,6,1964.55,-1,1,"The customer's transaction was flagged as anomalous due to a significant deviation from their typical entertainment spending behavior which suggests potential fraudulent activity or an uncharacteristic change in lifestyle choices that warrants further investigation. The amount being less than the rolling average does not inherently justify concern, but given its disparity with known expenditure patterns for this category, it is considered out of the ordinary and suspicious."
TXN00613,2026-01-09,CUST013,Carter Group,dining,784.28,credit card,1,4,1942.48,-1,1,"The transaction was flagged as anomalous because it represents a significant deviation from the customer'thy typical spend per visit, being less than half of their usual expenditure in dining alone. Despite seemingly aligning with a ""rolling average"" rule finding which suggests some normalcy within range fluctuations, this particular transaction stands out for its disproportionate scale relative to past behavior patterns."
TXN00057,2026-03-27,CUST015,"Decker, Flores and Davis",travel,9390.15,net banking,3,4,1746.62,-1,1,"The transaction was flagged as anomalous because it represents a spike in 'travel' expenses at $9390.15, more than five times higher than the customer’selast twelve months of average spend under this category and exceeds our high risk threshold by over 5x the rolling average."
TXN01507,2026-03-29,CUST015,Shepherd Group,entertainment,296.51,UPI,3,6,1752.5,-1,1,"The transaction was flagged as anomalous because it deviates significantly from this customer' end expenditure pattern on entertainment, representing a substantial increase over their typical spending amount of $1752.5 in one purchase alone, which could indicate potential fraudulent activity or misuse despite being within the rolling average range for frequency and value according to standard transaction rules."
TXN01914,2026-03-29,CUST015,"Henderson, Bond and Thomas",utilities,860.05,UPI,3,6,1798.66,-1,1,"The transaction was flagged as anomalous due to a significant deviation from the customer's historical utility spending pattern, which indicates unusual consumption or potential billing errors needing investigation. Despite this rule finding suggesting that it falls within normal range based on rolling averages alone, context suggests further review is warrin"
TXN00944,2026-04-20,CUST015,Gonzalez-Thompson,groceries,491.35,credit card,4,0,1733.92,-1,1,"The $491 expenditure on groceries was flagged as anomalous due to its significantly lower value compared to the customer's typical transaction amount of approximately $1733.92, indicating unusual spending behavior or an exceptionally low purchase in this category despite being within normal range according to rolling averages."
TXN00783,2026-05-27,CUST015,Miles PLC,travel,118.24,net banking,5,2,1783.96,-1,1,"The transaction of $118. extraneous amount likely indicates an error or potential fraudulent activity due to its significant deviation from the customer's typical spending pattern in the 'travel' category; despite it seemingly being within a normal range when compared to a rolling average, this anomaly warrants further investigation given previous consistent expenditure behavior."
TXN01675,2026-06-01,CUST015,Stanley-Knox,travel,280.68,net banking,6,0,1713.56,-1,1,"The transaction was flagged as anomalous due to its size being significantly lower than the customer'selfisted expenditure history in travel purchases, despite it falling within a typical rolling average range. This inconsistency with spending patterns justifies concern for potential issues such as data entry errors or changes in consumer behavior warranting further investigation."
TXN00616,2026-01-11,CUST016,Herrera-Ortega,utilities,6126.92,debit card,1,6,1338.87,-1,1,"The utility bill transaction for $6126.92 has been flagged as anomalous due to its significant deviation from the customer's average spend by over four times, indicating a potential rate increase or additional fees not previously incurred. This exceeds the moderate risk threshold of twice the rolling average and merits further investigation for billing irregularities."
TXN00387,2026-03-29,CUST016,Edwards Group,entertainment,125.3,UPI,3,6,1210.42,-1,1,"The transaction was flagged as anomalous due to a significant and uncharacteristic decrease in discretioninary spending by almost 98%, deviating from the customer's usual expenditure pattern within this category. Despite appearing low compared to their average, it is not statistically unusual when considering standard deviation or other behavioral patterns of anomaly detection methods like Z-scores which were also disregarded here as they are beyond scope per instruction constraints."
TXN01711,2026-04-18,CUST019,"Gill, Douglas and Mcintyre",groceries,9804.97,UPI,4,5,1793.72,-1,1,The transaction was flagged as anomalous because it's over four times higher than typical spending patterns and surpasses a set risk threshold for such an expense amount by more than double. This deviation from normative behavior suggests potential fraudulent activity or data entry error that warrants immediate review.
TXN00212,2026-04-21,CUST019,Richardson-Smith,entertainment,815.25,debit card,4,1,1884.06,-1,1,"The transaction was flagged as anomalous because it represents a significant deviation from the customer'selaverage spend in the entertainment category, being less than half of their typical expenditure therein. Despite its lower frequency relative to others (0.4x rolling average), this stark discrepancy prompted further review."
TXN00125,2026-04-27,CUST019,Rodriguez Inc,groceries,962.11,UPI,4,0,1939.26,-1,1,"The transaction was flagged as anomalous because while it significantly deviates from the customer's historical annual spend on groceries, suggesting a possible change in spending habits or an exceptionally frugal week, this single expenditure is not unusual when considering only its relation to the immediate rolling average."
TXN00688,2026-05-05,CUST019,"Lopez, Ryan and Lee",groceries,567.16,net banking,5,1,1965.61,-1,1,"The transaction was flagged as anomalous because it significantly deviates from the customer's usual expenditure pattern for grocery shopping trips, representing a substantial decrease in spending amount compared to their average, despite being within what is considered normal range based on rolling averages. This suggests an unusual behavior that requires further investigation, possibly related to financial changes or emergency needs prompting the lower spend."
TXN00925,2026-05-27,CUST019,Kelley-Trujillo,travel,174.55,debit card,5,2,1764.57,-1,1,"The transaction for travel expenses at $174.55 was flagged as anomalous because it deviates significantly from the customer'selfusual spending pattern of approximately $1764.57 per spend without fitting within a normal range when considering transactions that are typically around ten times greater, given this average is not met and no recent changes in travel habits have been reported by the client."
TXN00666,2026-06-02,CUST019,Whitaker Group,dining,959.1,debit card,6,1,1899.89,-1,1,"The anomalous flagging of the $959.1 expenditure in dining due to its significant decrease from the customer' enduring mean spending suggests an atypical shopping behavior or a lighter period for this specific transaction which does not align with historical data, despite it being within the normal range as per recent rolling averages.


--- 

Based on these two findings, write one single comprehensive professional explanation that integrates both patterns and rules: Despite representing only half of your typical spending in dining over a period leading to its usual average expenditure (approximately $1899.89), the recent transaction amounting to $959.1 deviated from this established pattern, potentially indicating an atypical shopping behavior or reflecting a deliberate lighter spending phase for that specific instance which warrants further investigation in isolation due to its anomaly when juxtaposed with your standardized rolling averages; however, it's within the recognized normal range of variation."
TXN01940,2026-01-12,CUST020,Reed-Price,dining,970.64,net banking,1,0,394.56,-1,1,The transaction was flagged as anomalous because it represents a significant deviation from the customer'selfarked dining expenditure patterns and surpasses our moderate risk threshold for unusual spending in that category.
TXN00932,2025-07-25,CUST025,"Russell, Ramirez and Kane",entertainment,11457.71,UPI,7,4,4186.73,-1,1,"This transaction was flagged as anomalous because it deviates significantly from typical customer spending habits in both magnitude and frequency when compared to their established average spend patterns over time. The amount of $11457.71 not only exceeds the moderate risk threshold but also represents a threefold increase beyond their rolling expenditure average, indicating an unusual or extravagant purchase activity that deviates from normal behavior within this customer' end-of-month transaction cycle."
TXN01930,2025-07-30,CUST025,Camacho-Rodgers,entertainment,871.84,debit card,7,2,3358.01,-1,1,"The transaction was flagged as anomalous due to it representing just about 26% of the customer' enduringly high average spend in entertainment expenses alone, which is considerably lower than expected based on historical patterns. Despite being within the normal range according to a rolling average rule, this significant deviation from typical spending behavior warrants further investigation for potential outliers or changes in consumer habits."
TXN00144,2025-08-13,CUST025,Hawkins-Johnson,entertainment,738.82,UPI,8,2,2834.17,-1,1,"The transaction was flagged as anomalous because it represents a significant deviation from the customer's typical entertainment spending behavior and is disproportionate relative to their overall average spend when compared with broader consumer patterns in that category. Despite this individual expenditure being within normal range based on rolling averages, its magnitude suggests an atypical outlier for personal financial habits warranting further investigation."
TXN00519,2025-08-15,CUST025,Soto-Morgan,travel,23.48,UPI,8,4,2365.72,-1,1,"The anomalous flagging likely stems from an extreme deviation in spending behavior where a transaction amount $23.48 on travel is vastly less than the customer's typical expenditure of approximately $2365.72 per transaction, despite being within normal range when compared to their rolling average for transactions not related to travel."
TXN00503,2025-08-26,CUST025,Perez LLC,travel,321.09,credit card,8,1,2073.63,-1,1,"The $321 travel expenditure was flagged as anomalous due to its significant deviation from the customer's typical weekly spend in that category. It exceeded their average by more than a third and appeared atypical for one-off transactions based on regular spending patterns, despite being within the normal range of 0th2x rolling averages for such expenditures."
TXN01390,2025-08-26,CUST025,"Lopez, Jones and Hamilton",travel,101.32,UPI,8,1,1972.04,-1,1,"The transaction was flagged as anomalous due to its significant deviation from the customer's historical spending pattern in travel expenses, representing a marked increase beyond their typical spend on transportation. Despite this unusual fluctuation suggesting non-regularity, it is still within an acceptable range when considering broader average transactions across all categories combined according to general financial rules of thumb for flagging anomalies.


The transaction was not considered anomalous because while there's a marked increase in spending on travel which deviates from the customer’s historical pattern, it falls within normal fluctuation range when considering broader average transactions across all categories combined according to general financial rules of thumb for flagging anomalies."
TXN00507,2025-09-11,CUST025,"Russell, Green and Chavez",shopping,196.6,debit card,9,3,1958.69,-1,1,"The transaction was flagged as anomalous because it falls significantly below the customer's usual spending pattern by more than a factor of ten, despite being within what could be considered the normal range based on recent transactions alone. This discrepener suggests potential issues such as insufficient funds or an unintended purchase requiring further investigation."
TXN01678,2026-03-25,CUST028,Randolph Group,utilities,11475.82,UPI,3,2,2100.37,-1,1,"The customer's recent utility bill amount has flagged as anomalous due to its excessive increase by over five times their typical monthly expenditure without justifiable reasons such as renovations or significant usage spikes. This deviation from the norm triggers a high-risk alert under our monitoring rules, indicating potential fraudulent activity requiring further investigation."
TXN00438,2026-03-29,CUST028,Sullivan-Horne,shopping,324.65,UPI,3,6,2126.51,-1,1,"The transaction was flagged as anomalous because it significantly deviates from the customer'deveryday spend pattern in a way that is inconsistent with their typical behavior; even though this specific purchase fits within an acceptable range compared to past transactions, its substantially lower amount relative to other ""shopping"" category purchases raises suspicions.

"
TXN01713,2026-03-31,CUST028,"Holmes, Ellis and Harris",shopping,352.03,UPI,3,1,2043.04,-1,1,"The $352.03 transaction was flagged as anomalous due to its marked deviation from the customer'selfarmed with an average of $2043.04; however, considering it is only slightly above this rolling average and not out of a normal range for special occasions or discounts in that category might lessen suspicions of fraudulent activity."
TXN01916,2026-03-31,CUST028,Olsen PLC,utilities,97.81,net banking,3,1,2023.5,-1,1,"The transaction was flagged as anomalous due to an exceptionally low expense for utilities at $97.81 compared to this customer's high historical average of $2023.5, indicating a significant discrepinancy that deviates from the usual spending pattern regardless of its alignment with rolling averages."
TXN01337,2026-04-12,CUST028,Jones Inc,groceries,137.74,UPI,4,6,1929.17,-1,1,"The transaction for $137.74 was flagged as anomalous because it represents a significant deviation from the customer's usual expenditure in groceries by more than four times less than their average spend in that category. The purchase does not align with the established spending pattern and, therefore, merits further investigation for potential issues such as fraud or error."
TXN01515,2026-04-26,CUST028,Soto-Mcfarland,groceries,252.9,credit card,4,6,1933.72,-1,1,The transaction was flagged as anomalous because it represents a significant deviation from the customer's typical grocery expenditure without additional context to justify this unusual spending pattern.
TXN01741,2026-05-02,CUST028,"Huff, James and Peterson",travel,777.92,debit card,5,5,1916.98,-1,1,"The transaction was flagged as anomalous due to being significantly lower than the customer's historical spend in the 'travel' category despite falling within a typical variance threshold for such transactions. This discrepinence suggests an unusual spending pattern that warrants further investigation, potentially indicating savings or exceptional circumstances surrounding this particular purchase."
TXN01901,2025-09-25,CUST033,Jordan-Schwartz,utilities,6265.36,debit card,9,3,1326.05,-1,1,The transaction was flagged as anomalous because it deviates significantly from typical spending patterns in utilities and surpasses a set moderate risk threshold for irregular transactions. This requires further investigation to rule out errors or extraordinary events influencing the unusually high expenditure.
TXN01317,2025-07-03,CUST035,Dean-Kennedy,travel,6976.65,credit card,7,3,6976.65,-1,1,"The transaction was flagged as anomalous due to its significantly higher value compared to the customer's typical expenditure patterns in this category. Despite being just above the rolling average and thus not considered outright fraudulent by standard metrics, it stands out enough for further review based on historical spending behavior."
TXN00328,2025-07-23,CUST035,"Riley, Adams and Wagner",utilities,19.9,UPI,7,2,3498.27,-1,1,"The transaction was flagged as anomalous due to a substantial deviation in utility expenses from the customer's historical spend pattern, which is highly atypical and raises concerns for possible errors or fraudulent activity. However, when considering rolling averages, this particular single transaction does not seem abnormal within that context. Discrepinancies between typical spending behavior suggest a need for further review despite the normalcy in rolling average terms; thus it's recommended to investigate before concluding its legitimacy."
TXN01156,2025-08-01,CUST035,Perez-Hines,travel,306.08,credit card,8,4,2434.21,-1,1,"The transaction was flagged as anomalous due to a significant deviation from the customer's typical travel expenditure patterns in this category alone; despite being close to their rolling average on paper, it is an unusually low amount compared to past behavior and likely merits further investigation for potential issues."
TXN01258,2025-08-16,CUST035,Unknown Merchant,groceries,964.41,credit card,8,5,2066.76,-1,1,"The transaction was flagged as anomalous because it significantly deviates from the customer's usual spending pattern for groceries by representing a much lower amount than their average expenditure of $2066.76 per visit. Despite being only half (0.5x) the rolling average, this deviation is outside the normal range and warrants further investigation to understand if it represents an error or potential fraudulent activity."
TXN01075,2025-08-20,CUST035,"Lopez, Arnold and Price",travel,622.94,debit card,8,2,1778.0,-1,1,"The transaction was flagged as anomalous because it deviates significantly from the customer's usual travel expense pattern by representing a substantial reduction in typically spent money during that specific event. Despite being within normal range when considering rolling averages, its uniqueness still warrants attention due to its unusual deviation for this category and time period."
TXN01938,2026-03-12,CUST038,Miller-Burnett,groceries,2912.49,credit card,3,3,976.78,-1,1,"The customer's purchase represents a significant deviation from their typical spending pattern and surpasses established high-risk thresholds for transaction size in grocery transactions. This anomaly merits further investigation to determine the nature of this expenditure as it falls outside normal behavioral norms, indicating potential fraudulent activity or an emergency situation that warrants a more personalized customer service response."
TXN00956,2026-01-19,CUST039,Davis-Branch,utilities,980.86,debit card,1,0,772.57,-1,1,"The recent utility bill of $980.86 has been flagged as anomalous due to an approximate 23.3% increase in spending compared to the customer's usual average expenditure for utilities. This significant surge is well outside a normal transaction range, despite what might be considered acceptable fluctuation thresholds when looking at rolling averages."
TXN01333,2025-08-13,CUST040,Padilla-Miller,travel,6289.87,net banking,8,2,1258.45,-1,1,The customer's recent travel purchase represents an anomalous transaction due to its excessive deviation from their typical spending patterns and high relative magnitude in comparison to both their average expenditure and established risk thresholds for unusual activity.
TXN01122,2025-06-25,CUST042,Stephens Ltd,groceries,6565.69,credit card,6,2,6565.69,-1,1,"The transaction was flagged as anomalous due to being exactly at the customer's typical expenditure level for groceries; however, this does not inherently indicate an outlier within their spending patterns when considering a broader range of transactions and categories. No specific rule-based reason can be identified from provided information alone since it falls within the normal purchase behavior range based on rolling averages."
TXN00415,2025-06-30,CUST042,Soto and Sons,travel,476.36,UPI,6,0,3521.02,-1,1,"The transaction was flagged as anomalous due to its significantly lower amount compared to a customer's usual spend under 'travel,' despite being just slightly below their rolling average and within what could be considered normal variations in spending behavior for this category. This discrepinancial pattern suggests the need for further investigation into potential savings anticipation or non-regular activity, as it deviates from established purchase habits without a clear rational explanation given its proximity to typical spending thresholds."
TXN00463,2025-07-19,CUST042,"Maxwell, Lucas and Lewis",utilities,316.23,net banking,7,5,2452.76,-1,1,"The transaction was flagged as anomalous because a single spend of $316.23 on utilities deviates significantly from the customer' extraneous pattern finding indicates an abnormal and potentially fraudulent activity due to its disproportionate difference from their usual expenditure, despite it being within normal range based on rolling averages alone."
TXN00908,2025-07-26,CUST042,"Hudson, Acosta and Brown",shopping,4213.66,UPI,7,5,2892.98,-1,1,The transaction amount significantly surpasses typical customer spending patterns and does not conform to established norms despite falling just above a set threshold for anomaly detection rules.
TXN01576,2025-08-12,CUST042,Pena-Riley,dining,940.94,UPI,8,1,2502.58,-1,1,"The $940.94 dining expense was flagged as anomalous because it significantly deviates from the customer' enduring pattern of spending on average nearly $750 more per transaction in this category, and is not within any set normal range parameters for irregularities established by business policies or past behavior patterns."
TXN00381,2025-09-08,CUST042,Duke LLC,dining,292.6,UPI,9,0,2134.25,-1,1,"The transaction was flagged as anomalous due to a significant deviation from the individual's typical dining expenditure pattern, despite being close to their lower statistical threshold for such transactions. The amount spent does not align with historical data suggesting that an average diner at this establishment would spend much more given similar spending behaviors and patterns in past months or years."
TXN01149,2025-09-08,CUST042,Jacobs and Sons,travel,733.98,debit card,9,0,1934.21,-1,1,"The transaction of $733.98 under 'travel' was flagged as anomalous due to its significant deviation from the customer’thistorical expenditure average in that category and being well below their usual spending pattern for a purchase deemed travel-related, despite it not breaching any specific set threshold rules like 0.4x rolling average norms."
TXN00272,2025-08-30,CUST043,Walker PLC,dining,3774.59,UPI,8,5,951.96,-1,1,"The single dining transaction value of $3774.59 represents a significant deviation from the customer's established spending pattern by over four times their rolling average and crosses our moderate risk threshold limiting it to twice that amount; thus, these criteria have resulted in flagging this as an anomalous behavior."
TXN01266,2025-09-29,CUST043,Thomas Inc,dining,979.47,credit card,9,0,1178.97,-1,1,"Given that this customer's typical dining expenses are substantially higher than $979.47, and considering transactions normally exceed their historical spend by at least twice in value (double as a conservative estimate), the amount spent here is an outlier when evaluated against both pattern history and rule-based thresholds for anomaly detection within this dataset."
TXN01076,2026-01-09,CUST044,"Martin, Oliver and Mills",groceries,5038.9,UPI,1,4,1231.25,-1,1,This transaction was flagged as anomalous because it greatly surpasses both the customer's typical grocery spending and a set risk threshold by more than threefold in magnitude. The discrepancy suggests potential unauthorized use of funds or an error that requires immediate investigation.
TXN00429,2026-01-26,CUST044,Mitchell-Campos,utilities,732.25,credit card,1,0,1263.49,-1,1,"The utility bill of $732.25 was flagged as anomalous due to a significant deviation from the customer's historical expenditure pattern in that category, representing approximately 40% less than their average spending. This discrepinancial activity falls outside typical transaction behavior and warrants further investigation despite being within the normal range relative to rolling averages."
TXN01054,2026-03-08,CUST044,Johnson-Hunt,groceries,983.13,debit card,3,6,1330.69,-1,1,"The transaction was flagged as anomalous because it represents approximately 74% of a customer's typical expenditure on groceries—a significant reduction from their usual spending pattern within this category alone. This unexpectedly low spend indicates either reduced activity in the same category or compensatory overspending elsewhere during that period, despite being well below what would be considered two standard deviations away (0.7x) of the rolling average for similar transactions."
TXN01722,2025-10-01,CUST045,Gillespie-Carter,travel,5566.12,credit card,10,2,1274.7,-1,1,This transaction was flagged as anomalous because it's approximately four times higher than the customer’ enduring an extravagant purchase that significantly deviates from their normal spending pattern in travel expenses.
TXN00650,2025-10-12,CUST045,Curry-Brown,travel,668.46,net banking,10,6,1323.01,-1,1,"This particular expense may be flagged as anomalous due to its significantly lower amount compared to the customer's historical travel spend patterns in this category. The deviation from their average transaction value suggests an unusual level of frugality for them and warrants further investigation, despite it being within a normal range according to recent rolling averages."
TXN00394,2025-10-20,CUST045,Watkins LLC,utilities,985.67,UPI,10,0,1442.58,-1,1,"The anomaly in question arises due to a recent utility bill of $985.67 representing an unusually lower expenditure from the customer' extranetly consistent average spending close to $1442.58, marking this transaction as significantly atypical and warranting investigation for potential error or oversight in billing."
TXN01516,2025-10-26,CUST045,Hernandez Group,groceries,917.2,UPI,10,6,1439.97,-1,1,"The transaction was flagged as anomalous due to its deviation from the customer's historical grocery spending patterns by more than half of their typical expenditure, despite being within a normal range when considering rolling averages alone. This discrepancy suggests an atypical behavior in purchasing habits that warrants further investigation for potential issues like insufficient budgeting or misreporting."
TXN00128,2026-05-14,CUST045,Fields and Sons,dining,4428.97,debit card,5,3,956.41,-1,1,"The transaction was flagged as anomalous due to a significant deviation from the customer's typical dining expenditure pattern and because it is over four times greater than their rolling average spending in this category, surpassing our moderate risk threshold for unusual activity. This suggests an atypical large purchase that may warrant further investigation for potential fraudulent activity or error correction."
TXN00607,2025-08-05,CUST046,Garcia LLC,shopping,7328.96,debit card,8,1,1452.64,-1,1,The transaction was flagged as anomalous due to it being nearly five times greater than the customer's established spending pattern in this category and surpassing our high risk threshold for deviations from normal behavior. This significant variance prompts additional scrutiny into potential reasons behind such an extraordinary purchase.
TXN00779,2025-10-19,CUST046,Williamson-Morgan,entertainment,14886.13,UPI,10,6,2674.74,-1,1,"The transaction was flagged as anomalous because it significantly deviates from typical spending behavior by being over five times greater than the customer'dequate rolling average in a single entertainment purchase. This level of expenditure surpasses our high-risk threshold, indicating potential fraud or error that requires further investigation."
TXN00062,2025-11-08,CUST046,"Williams, Wilson and Harris",entertainment,96.2,net banking,11,5,2552.2,-1,1,"The transaction likely raised flags due to its significantly lower amount spent on entertainment compared to the customer's usual spending pattern in this category and without any recent transactions that justify such an expense. This deviation from their typical behavior constitutes anomalous activity potentially indicating unautносиble or erroneous purchase, requiring further investigation."
TXN01364,2025-11-10,CUST046,Unknown Merchant,utilities,693.54,net banking,11,0,2615.66,-1,1,"The transaction was flagged as anomalous due to its unusually low cost compared to the customer's typical utility expenditure and because it is significantly less than three times their rolling average spending amount for utilities in that period. This discrepty may suggest an extraordinary saving or a significant shift in consumption habits, which warrants further investigation."
TXN00176,2025-11-17,CUST046,"Nash, Hill and Joseph",groceries,566.78,credit card,11,0,2585.22,-1,1,"The transaction was flagged as anomalous due to its deviation of over $500 from the customer's typical grocery expenditure, suggesting a special occasion or event spending rather than routine purchases. The rule finding contradicts this by stating it falls within an acceptable range based on historical data averages; however, given the substantial disparity in amounts, anomaly detection systems likely prioritize such significant deviations as potential flags for further review."
TXN00461,2025-11-28,CUST046,"White, Cobb and Sims",groceries,57.15,net banking,11,4,2494.69,-1,1,"The transaction was flagged as anomalous due to its significantly lower than usual grocery expenditure compared to this customer's typical spending behavior and overall rolling average for transactions in that category. This discrepinancial activity suggests a possible intentional effort towards saving, which deviates from the established pattern of frugality or normalcy within their shopping habits on that day."
TXN00540,2025-11-29,CUST046,Orozco-Stein,travel,432.69,UPI,11,5,2455.49,-1,1,"The anomaly in spending likely resulted from a one-off purchase or event that significantly reduced travel expenditure for this customer, deviating by nearly half their typical spend without any corresponding reduction in other categories. This sudden and marked decrease raises concerns about the nature of the transaction despite it being within normal range based on rolling averages alone."
TXN01504,2025-12-02,CUST046,"Wallace, Frank and Jenkins",entertainment,241.75,net banking,12,1,2424.89,-1,1,"The transaction was flagged as anomalous due to its significantly lower amount compared to historical spending patterns in entertainment by this customer segment; despite being near their typical rolling average threshold, it's still an outlier and warrants attention."
TXN01425,2026-05-21,CUST046,Robertson-Zavala,travel,9198.0,credit card,5,3,1729.48,-1,1,"The $9198.0 expenditure in travel is flagged as anomalous because it is approximately five times greater than the customer's average spend and exceeds the high risk threshold of being three times above their rolling average within this transaction period. This suggests a one-off event or purchase that significantly deviates from typical spending patterns, warranting further investigation for potential special occasions like vacations or significant travel equipment purchases."
TXN01639,2026-05-25,CUST046,"White, Porter and House",travel,747.24,UPI,5,0,1712.89,-1,1,The transaction was flagged as anomalous due to its significant deviation from the customer'cur typical expenditure in this category and because it surpasses their usual spending limit despite being within a normalized range based on rolling averages.
TXN01198,2025-06-17,CUST047,"Hoffman, Ramos and Butler",shopping,6457.14,credit card,6,1,2437.71,-1,1,"The transaction was flagged as anomalous due to a significant and abrupt increase in spending behavior that is well above both the customer'thy usual expenditure pattern and the moderate risk threshold for such transactions. This deviation from typical purchasing habits suggests potential fraudulent activity or account misuse, warranting further investigation."
TXN00619,2025-06-23,CUST047,Thomas-Bell,entertainment,34.29,net banking,6,0,1836.86,-1,1,"The transaction was flagged as anomalous due to its significant deviation from typical spending patterns in entertainment relative to customer'cur regular expenditure distribution across other categories. It represents a sudden and unusually large portion of the budget that does not align with previous behavior, thus warranting further review despite it being within normal range when compared directly against the rolling average for transactions overall."
TXN00731,2026-04-15,CUST047,White Inc,dining,14828.42,credit card,4,2,2313.55,-1,1,"The transaction was flagged as anomalous due to its substantial deviation from customer' endurance spending habits and because it surpasses a set financial institution high risk threshold for unusual activity by more than five times, indicating potential fraudulent behavior or error that warrants immediate attention."
TXN01081,2026-05-02,CUST047,Medina-Reyes,groceries,916.58,UPI,5,5,2385.75,-1,1,"The transaction was flagged as anomalous because it deviates significantly from a customer's historical spending patterns in groceries, suggesting unusual circumstances that warrant further investigation such as special events or alternative services being utilized. Despite this deviation appearing to be within the normal range based on rolling averages alone, the extent of its divergence merits attention due to potential implications like excessive consumption for personal use rather than business needs which could raise questions about usage norms and patterns in context with past behavior."
TXN01635,2026-05-12,CUST047,Price PLC,dining,71.68,credit card,5,1,2392.25,-1,1,"The transaction for dining was flagged as anomalous due to its significantly lower value compared to the customer'selfarmed expenditure pattern. Despite this deviation from their typical spending behavior being noticeable in one data point alone doesn't violate any rules or averages, meriting further investigation but not an immediate red flag based on volume analysis only."
TXN01513,2026-06-01,CUST047,"Crawford, Cameron and Ferrell",groceries,620.43,UPI,6,0,2476.39,-1,1,"The anomaly flagging on this transaction stems from its deviation of $620.43 for groceries, which is significantly higher than your customer's average expenditure and indicates a change in shopping behavior or needs, despite it being within the normal range when considered against their rolling average spend."
TXN01769,2026-06-07,CUST047,Calderon and Sons,entertainment,609.67,net banking,6,6,2539.58,-1,1,The transaction was flagged as anomalous because it significantly deviates from a customer'themodel spending pattern in the entertainment category despite being within their typical rolling average expenditure range according to recent transactions. This contradiction between an individual’s established habit and this outlier prompted further review for potential concerns such as fraudulent activity or data error.
TXN01819,2025-08-18,CUST048,Serrano-Richard,utilities,18316.39,debit card,8,0,3046.98,-1,1,The transaction was flagged as anomalous because it significantly surpasses both the customer's typical utility expenditure and a set high-risk threshold for this category of spending. This indicates potential fraudulent activity or an error requiring immediate investigation.
TXN01220,2025-09-07,CUST048,Ruiz Ltd,groceries,100.6,debit card,9,6,3048.76,-1,1,"The transaction was flagged as anomalous due to a significant deviation from an individual's typical grocery spending patterns, suggesting either unusually frugal choices or budgeting for that specific shopping trip. Despite this seemingly low expenditure fitting within the range of normal fluctuations based on rolling averages alone, further investigation into personal circumstances is warranted to understand the context behind such an atypical transaction amount."
TXN00734,2025-09-25,CUST048,Campbell-Ryan,travel,772.94,net banking,9,3,3142.47,-1,1,"The transaction was flagged as anomalous because it deviates from the customer's typical travel expense pattern by more than half of their usual spend amount, despite being close to twice the rolling average and within a normal range. This discrepinancial behavior warrants further investigation for potential irregularities or misclassification errors."
TXN00405,2025-09-28,CUST048,Torres-Owen,shopping,440.36,net banking,9,6,3102.22,-1,1,"The transaction was flagged as anomalous because it represents a significant deviation from the customer'selld usual expenditure pattern in shopping for this category. However, considering that such transactions are at or below zero point one percent of their rolling average and thus within normal range, there could be an explanation like return processing which may not necessarily indicate fraudulent activity."
TXN00462,2025-09-28,CUST048,Moss LLC,groceries,61.83,net banking,9,6,3098.35,-1,1,"The $61.83 transaction at a supermarket for groceries has been flagged as anomalous due to its substantially lower value compared to the customer' enduring an average expenditure of approximately $3098.35 in similar transactions, representing significant deviation from their typical spending pattern."
TXN00050,2025-10-08,CUST048,Griffin PLC,travel,751.67,net banking,10,2,3063.26,-1,1,The transaction was flagged as anomalous due to its low value compared to historical spending patterns indicating a significant deviation in behavior or preferences which may warrant further investigation despite it being within normal range according to recent data averages.
TXN01497,2025-10-28,CUST048,Chan Inc,groceries,904.41,net banking,10,1,3049.74,-1,1,"The transaction was flagged as anomalous due to its significantly lower value compared to the customer'dextended history of spendings on groceries; despite being above a simple threshold percentage like the rolling average rule finding suggests it might be normal. The discrepancy indicates potential behavioral change or error, warranting further investigation."
TXN01348,2026-05-25,CUST050,"Fuller, Lucas and Johnson",utilities,5611.32,UPI,5,0,1221.8,-1,1,The expenditure on utilities was flagged as anomalous due to its significant deviation from typical spending patterns and surpassing a set risk threshold based on rolling averages.
